id,model,ils,alpha_preserve,delta_edit_gain,gamma_orig_preserve,s_o_po,s_e_po,s_o_pe,s_e_pe
02bf4ca5d9124030a96f6b2d28e6bfec,baseline,-0.006768427789211273,1.0,0.017038792371749878,-0.006768427789211273,0.22406555712223053,0.2308339774608612,0.2257869839668274,0.24282579123973846
b95d0c353a2c4fd09e6405db251672e4,baseline,-0.0005221366882324219,1.0,0.0005221366882324219,-0.0005221366882324219,0.3171677887439728,0.3176899254322052,0.3171677887439728,0.3176899254322052
b968821ca5f54bef9670216e3a5bdb81,baseline,0.00037082284688949585,1.0,-0.00037082284688949585,0.00037082284688949585,0.25240465998649597,0.2520338296890259,0.25240465998649597,0.2520338296890259
166524d69dbb4fd49ec7045b73e70d6e,baseline,-6.057322025299072e-06,1.0,6.057322025299072e-06,-6.057322025299072e-06,0.3003230094909668,0.3003290593624115,0.3003230094909668,0.3003290593624115
7dbd2405e75642fdbfae5e76efebbc1b,baseline,0.006619594991207123,1.0,-0.006619594991207123,0.006619594991207123,0.2855488657951355,0.2789292633533478,0.2855488657951355,0.2789292633533478
cd56bef671d442d090a6faef59394dc9,baseline,0.028991226106882095,1.0,-0.007269039750099182,0.028991226106882095,0.24058879911899567,0.21159756183624268,0.24205392599105835,0.23478487133979797
f692052003954956b1edabec03c327a2,baseline,0.06613936275243759,1.0,-0.001287408173084259,0.06613936275243759,0.2971818745136261,0.2310425043106079,0.27937090396881104,0.278083473443985
f35dd3de67484706ab2824cc93fa1f30,baseline,0.003245741128921509,1.0,-0.0033569782972335815,0.003245741128921509,0.2576390504837036,0.2543933093547821,0.2559598386287689,0.25260284543037415
9b6f07dafac34580b5bfdb5cf736fdcc,baseline,0.00824754685163498,1.0,0.04294661432504654,0.00824754685163498,0.26680487394332886,0.2585573196411133,0.2538919150829315,0.29683855175971985
a1044b91bd604b22b8067d5bdf9405d4,baseline,0.001995787024497986,1.0,-0.001995787024497986,0.001995787024497986,0.2976083755493164,0.2956125736236572,0.2976083755493164,0.2956125736236572
ff1b9d3e0ecc4359b70ffe042432174d,baseline,-0.01119127869606018,1.0,0.058892276138067245,-0.01119127869606018,0.2347574234008789,0.2459487020969391,0.2168630063533783,0.27575528621673584
18fe447412d04c3db52aef75771ad699,baseline,-0.014138221740722656,1.0,0.04816132038831711,-0.014138221740722656,0.2457566112279892,0.25989481806755066,0.22901582717895508,0.2771771550178528
98ef9faf31cc435497509d743142b638,baseline,0.0002152472734451294,1.0,-0.0002152472734451294,0.0002152472734451294,0.2936103641986847,0.29339513182640076,0.2936103641986847,0.29339513182640076
518cc68fbf0e4aad946286150c8f88bc,baseline,0.0007407888770103455,1.0,-0.0007407888770103455,0.0007407888770103455,0.29032039642333984,0.2895796000957489,0.29032039642333984,0.2895796000957489
3a80795a25d746eaaeceb349889679e7,baseline,-0.007574785500764847,1.0,0.0684102326631546,-0.007574785500764847,0.25396403670310974,0.2615388035774231,0.21906927227973938,0.2874795198440552
2884e7f790a64d39b3a9f680d8bfb16d,baseline,0.0033495761454105377,1.0,0.03259171172976494,0.0033495761454105377,0.24604812264442444,0.242698535323143,0.2410202920436859,0.27361199259757996
0897f48eb8ee413d816fc56840949a4e,baseline,0.004863761365413666,1.0,0.026489123702049255,0.004863761365413666,0.26813527941703796,0.2632715106010437,0.24761264026165009,0.27410176396369934
f384e0740292452c9ec38c54c74a20f8,baseline,-0.00032551586627960205,1.0,0.00032551586627960205,-0.00032551586627960205,0.2215370386838913,0.2218625545501709,0.2215370386838913,0.2218625545501709
cc0a200e62154a7eadb9346485c812b7,baseline,-0.012361228466033936,1.0,0.012361228466033936,-0.012361228466033936,0.31633245944976807,0.328693687915802,0.31633245944976807,0.328693687915802
ecb170b034854322bca655d2a286ae25,baseline,0.02291090041399002,1.0,0.030697721987962723,0.02291090041399002,0.26597854495048523,0.2430676519870758,0.23964165151119232,0.27033936977386475
e4a7f553056745d6badaa977aa9df03b,baseline,0.018241815268993378,1.0,0.0024747997522354126,0.018241815268993378,0.26471662521362305,0.24647483229637146,0.2596336305141449,0.2621084451675415
91270dab9d1a47c7ba7ffaaf8c8b0beb,baseline,-0.0004093348979949951,1.0,0.0004093348979949951,-0.0004093348979949951,0.31146976351737976,0.31187909841537476,0.31146976351737976,0.31187909841537476
c321b03b66c945d781e1e2636f8f5364,baseline,0.054521672427654266,1.0,-0.009419985115528107,0.054521672427654266,0.3130941390991211,0.25857245922088623,0.2998579144477844,0.2904379367828369
ab67f42957f342ffa61934fb97227986,baseline,0.0015610307455062866,1.0,-0.0015610307455062866,0.0015610307455062866,0.30584582686424255,0.30428481101989746,0.30584582686424255,0.30428481101989746
f62c4f21c2ba4464879fca25edb87207,baseline,0.013125963509082794,1.0,-0.01509731262922287,0.013125963509082794,0.29319435358047485,0.28006836771965027,0.2742944359779358,0.2591971158981323
9107776f57c9455a9afccc5a078604b5,baseline,0.0003276318311691284,1.0,-0.0003276318311691284,0.0003276318311691284,0.2808912396430969,0.2805635929107666,0.2808912396430969,0.2805635929107666
477dc7f7544b4430846939ab4d9c6478,baseline,0.08709069341421127,1.0,-0.046552352607250214,0.08709069341421127,0.3723386228084564,0.28524792194366455,0.3713842034339905,0.3248318135738373
6d61332cf42645bca89c9cbbf4424347,baseline,0.0005440935492515564,1.0,-0.0005440935492515564,0.0005440935492515564,0.21917550265789032,0.21863141655921936,0.21917550265789032,0.21863141655921936
69b861d16bdf4ecabc7c1aa7f9d8ee6a,baseline,0.00036326050758361816,1.0,-0.00036326050758361816,0.00036326050758361816,0.3509303331375122,0.350567102432251,0.3509303331375122,0.350567102432251
071d3a50639747b0ae2452e0cc1c833a,baseline,0.031171176582574844,1.0,-0.02048589289188385,0.031171176582574844,0.2389664351940155,0.20779526233673096,0.24023815989494324,0.2197522670030594
22c11b3c80d6432cb02b81ea2b901a61,baseline,0.02946605160832405,1.0,-0.013142704963684082,0.02946605160832405,0.2624216377735138,0.23295557498931885,0.26735225319862366,0.2542095482349396
298d4978e1bf4b86addde2b3da2e1310,baseline,-0.00015923380851745605,1.0,0.00015923380851745605,-0.00015923380851745605,0.33571332693099976,0.3358725905418396,0.33571332693099976,0.3358725905418396
dbace2dc5831441bbdf4d676e09e8abb,baseline,0.034099094569683075,1.0,0.0004997700452804565,0.034099094569683075,0.32032015919685364,0.28622105717658997,0.3177318871021271,0.31823164224624634
c5bb049c96254386ba9a996fe5441eea,baseline,-0.010357089340686798,1.0,0.028718896210193634,-0.010357089340686798,0.27030009031295776,0.2806571424007416,0.27379441261291504,0.3025133013725281
2485c061a03346d69f952726f5c1abba,baseline,-0.0008888989686965942,1.0,0.0008888989686965942,-0.0008888989686965942,0.27576351165771484,0.27665239572525024,0.27576351165771484,0.27665239572525024
4599340d2a854faa8cfa7fb8253022a3,baseline,0.005630724132061005,1.0,-0.005630724132061005,0.005630724132061005,0.29365643858909607,0.28802573680877686,0.29365643858909607,0.28802573680877686
3d0fbc7b7ab444cc890b800585cc5e89,baseline,-0.09125196933746338,1.0,0.09028711169958115,-0.09125196933746338,0.23790273070335388,0.32915472984313965,0.2548365592956543,0.3451237082481384
e8bfa9a85c814ff48fe50f33275449dc,baseline,0.0005626901984214783,1.0,-0.0005626901984214783,0.0005626901984214783,0.24244120717048645,0.24187852442264557,0.24244120717048645,0.24187852442264557
d8dfbe5ac9ea43fcbd03bc8248029d5d,baseline,0.029936209321022034,1.0,0.004263177514076233,0.029936209321022034,0.27318906784057617,0.24325287342071533,0.28780269622802734,0.29206588864326477
013c33d1ceaf4330b9484b1839a65d83,baseline,-0.013220831751823425,1.0,0.07275387644767761,-0.013220831751823425,0.2719312012195587,0.28515201807022095,0.2623663544654846,0.33512023091316223
5f4783436a024ce2ad3926afddb20415,baseline,0.02592388540506363,1.0,-3.107637166976929e-05,0.02592388540506363,0.26923564076423645,0.24331174790859222,0.26480546593666077,0.2647743821144104
3562c939b9a84537b72ecba87c8b7ab1,baseline,0.00528591126203537,1.0,0.02128150686621666,0.00528591126203537,0.2940711975097656,0.28878530859947205,0.26642799377441406,0.287709504365921
0e333703083848d6be93a5524b4f9070,baseline,0.00026269257068634033,1.0,-0.00026269257068634033,0.00026269257068634033,0.24145928025245667,0.24119660258293152,0.24145928025245667,0.24119660258293152
264d22e997f14b489c89ff421ad069ef,baseline,-0.0008441880345344543,1.0,0.0008441880345344543,-0.0008441880345344543,0.31054961681365967,0.3113937973976135,0.31054961681365967,0.3113937973976135
0cfada8261ff4970bd5dcb89e0de1268,baseline,0.04577845335006714,1.0,-0.009952418506145477,0.04577845335006714,0.28499001264572144,0.2392115741968155,0.28049924969673157,0.2705467939376831
b7c3a4dc7d3948ab9f28b2f2a6860333,baseline,-0.0192575566470623,1.0,0.04388713464140892,-0.0192575566470623,0.24803033471107483,0.2672879099845886,0.24135683476924896,0.285243958234787
4c357394c20e4b7a91f379c6512e748b,baseline,0.020551785826683044,1.0,0.025364883244037628,0.020551785826683044,0.3198990821838379,0.29934728145599365,0.2997235953807831,0.3250885009765625
27b17f50764840a3aaf81bb5bfa9d622,baseline,8.244812488555908e-05,1.0,-8.244812488555908e-05,8.244812488555908e-05,0.28559479117393494,0.2855123281478882,0.28559479117393494,0.2855123281478882
7a4e323925ab4fe3bbae374caf43693b,baseline,-0.016973763704299927,1.0,0.034088678658008575,-0.016973763704299927,0.2644725441932678,0.28144633769989014,0.2657197117805481,0.2998083829879761
f5fb2c4052154cd8a6b02c2118fbfc44,baseline,0.000317305326461792,1.0,-0.000317305326461792,0.000317305326461792,0.3458596169948578,0.345542311668396,0.3458596169948578,0.345542311668396
eb4c9a0d35b247bb8a316a4f57a0d4ed,baseline,0.000879235565662384,1.0,-0.000879235565662384,0.000879235565662384,0.3454740643501282,0.344594806432724,0.3454740643501282,0.344594806432724
c1e70ef428944c368c15d8e786c41f5f,baseline,0.012632586061954498,1.0,0.018672965466976166,0.012632586061954498,0.3297703266143799,0.3171377182006836,0.32244420051574707,0.34111714363098145
3837291669734bb295dee3c0884e78d3,baseline,-0.0015858560800552368,1.0,0.0015858560800552368,-0.0015858560800552368,0.36316999793052673,0.36475586891174316,0.36316999793052673,0.36475586891174316
efa1bf3ea1ca4a5a863fb9fae6f7a464,baseline,0.0010327845811843872,1.0,-0.0010327845811843872,0.0010327845811843872,0.3628663718700409,0.3618335723876953,0.3628663718700409,0.3618335723876953
5a39f87081ce4376b7ec19621c063698,baseline,-0.019746869802474976,1.0,0.07528693228960037,-0.019746869802474976,0.28027355670928955,0.3000204265117645,0.2730075716972351,0.3482944965362549
864fe82d5d21474c82454133ce0e24ad,baseline,-0.002297915518283844,1.0,0.002297915518283844,-0.002297915518283844,0.2657599449157715,0.26805785298347473,0.2657599449157715,0.26805785298347473
f5290ac62c444119a5146ce6d85d8244,baseline,0.0035649165511131287,1.0,-0.0028658397495746613,0.0035649165511131287,0.208013117313385,0.20444819331169128,0.21565431356430054,0.21278847754001617
df12f702f3ea41f7bb395242aa61b0b0,baseline,-0.00016795098781585693,1.0,0.00016795098781585693,-0.00016795098781585693,0.21496687829494476,0.21513482928276062,0.21496687829494476,0.21513482928276062
248daa3e3f544ba1991bbfba950e6316,baseline,0.030332133173942566,1.0,0.005046926438808441,0.030332133173942566,0.31662097573280334,0.286288857460022,0.3031845986843109,0.30823153257369995
b643a29b96a44d4694a7bd3ea491bb8a,baseline,0.03851540759205818,1.0,-0.0026042647659778595,0.03851540759205818,0.2511642575263977,0.21264886856079102,0.2551860213279724,0.25258177518844604
b7eda88f2918497a946806a29816ca49,baseline,-0.0004912093281745911,1.0,0.0004912093281745911,-0.0004912093281745911,0.20872224867343903,0.2092134654521942,0.20872224867343903,0.2092134654521942
4fcb213149b04cb8bb9daea8018ac67a,baseline,-0.013231273740530014,1.0,0.045017749071121216,-0.013231273740530014,0.25704464316368103,0.27027592062950134,0.23778174817562103,0.28279951214790344
fb8638a866d349b2b364cac100ff6c99,baseline,-0.0008225739002227783,1.0,0.0008225739002227783,-0.0008225739002227783,0.3140386939048767,0.3148612380027771,0.3140386939048767,0.3148612380027771
802a2a8424b94a80922433d51a95e779,baseline,-0.015291683375835419,1.0,0.03371844068169594,-0.015291683375835419,0.19351164996623993,0.20880332589149475,0.198837012052536,0.23255544900894165
d77d97fd9c7041f8b7af98d5ebe99cd3,baseline,-0.001460045576095581,1.0,0.001460045576095581,-0.001460045576095581,0.23481428623199463,0.2362743318080902,0.23481428623199463,0.2362743318080902
c3b7de17c84a4b30a28a1b1ec143cb52,baseline,-0.008202657103538513,1.0,0.029528304934501648,-0.008202657103538513,0.25638407468795776,0.26458674669265747,0.25406187772750854,0.2835901975631714
32e8acad50f2428891de6b05b8b10c83,baseline,0.000900018960237503,1.0,-0.000900018960237503,0.000900018960237503,0.23285332322120667,0.23195329308509827,0.23285332322120667,0.23195329308509827
3c1044815e3f491e83b2038ca5dfae7a,baseline,-0.0007905438542366028,1.0,0.0007905438542366028,-0.0007905438542366028,0.32131803035736084,0.32210856676101685,0.32131803035736084,0.32210856676101685
e7af0e7390754da78577311949e27781,baseline,-0.008202657103538513,1.0,0.029528304934501648,-0.008202657103538513,0.25638407468795776,0.26458674669265747,0.25406187772750854,0.2835901975631714
8ca7849e57b74f08b4ff1ef473950893,baseline,0.0007091164588928223,1.0,-0.0007091164588928223,0.0007091164588928223,0.3008328676223755,0.30012375116348267,0.3008328676223755,0.30012375116348267
7bf9719c7aa84660b3e4a91fb0668c98,baseline,-0.0028712376952171326,1.0,0.04378637298941612,-0.0028712376952171326,0.2607264518737793,0.263597697019577,0.245437353849411,0.28922373056411743
279c001d2b7442448e92e3a53fea19c6,baseline,0.020796798169612885,1.0,-0.007188580930233002,0.020796798169612885,0.33878612518310547,0.3179893493652344,0.33939844369888306,0.33220988512039185
124208a44b1340eea1ff5572b37ab715,baseline,0.028986312448978424,1.0,-0.010602138936519623,0.028986312448978424,0.316409170627594,0.28742286562919617,0.3203585147857666,0.30975639820098877
f51a5b06892a45799494770db8691a79,baseline,-0.015899300575256348,1.0,0.04868979752063751,-0.015899300575256348,0.3141646385192871,0.33006393909454346,0.28201964497566223,0.33070945739746094
cfdc580a27b04400b3abbdba442d151b,baseline,-0.04156544432044029,1.0,0.08180267363786697,-0.04156544432044029,0.2106122523546219,0.2521776854991913,0.21398593485355377,0.29578861594200134
9fc44ece6a1b4c40990873b11006aafd,baseline,0.000657893717288971,1.0,-0.000657893717288971,0.000657893717288971,0.34938114881515503,0.34872323274612427,0.34938114881515503,0.34872323274612427
5a2c5de778a6424ea22ed6b769e75325,baseline,-0.00017802417278289795,1.0,0.00017802417278289795,-0.00017802417278289795,0.31798815727233887,0.31816619634628296,0.31798815727233887,0.31816619634628296
bee76f096747481bab9a3f644252affd,baseline,-0.02683611959218979,1.0,0.05187537148594856,-0.02683611959218979,0.18470677733421326,0.21154288947582245,0.18637174367904663,0.2382471263408661
b9dd6af8389b438b8c1e36332e97c0e2,baseline,0.011323362588882446,1.0,0.00048355013132095337,0.011323362588882446,0.31310486793518066,0.3017815351486206,0.30653685331344604,0.3070204257965088
61b1be06d54242c0a5cdaf78727c2a3a,baseline,0.0008144229650497437,1.0,-0.0008144229650497437,0.0008144229650497437,0.2425820380449295,0.24176762998104095,0.2425820380449295,0.24176762998104095
2fb41a885ab54214b2feabe31a23e9bc,baseline,-0.001401953399181366,1.0,0.001401953399181366,-0.001401953399181366,0.31660065054893494,0.3180026113986969,0.31660065054893494,0.3180026113986969
4794d1438dd645738d63ec84697551ea,baseline,-0.0004297196865081787,1.0,0.0004297196865081787,-0.0004297196865081787,0.3262946903705597,0.32672441005706787,0.3262946903705597,0.32672441005706787
9b1c089d2c894b9e97fc6a4397b2f564,baseline,0.04979957267642021,1.0,-0.019992627203464508,0.04979957267642021,0.24775348603725433,0.19795392453670502,0.2542852759361267,0.2342926561832428
7aa3c4746d194923afcab9c506c0efc7,baseline,0.03963255137205124,1.0,0.008811526000499725,0.03963255137205124,0.2936822772026062,0.25404974818229675,0.2706705927848816,0.2794821262359619
75a9ae1f3cac4e60a9238cdf9cf2b295,baseline,0.031248033046722412,1.0,-0.018479637801647186,0.031248033046722412,0.39113181829452515,0.3598838150501251,0.3993173837661743,0.38083773851394653
1d0be547d46c42a19b00330de6b5c4e7,baseline,-0.0005455203354358673,1.0,0.0005455203354358673,-0.0005455203354358673,0.2128003090620041,0.21334582567214966,0.2128003090620041,0.21334582567214966
df716991ac0141e78ae720a74a540726,baseline,0.0007716864347457886,1.0,-0.0007716864347457886,0.0007716864347457886,0.3112558424472809,0.3104841709136963,0.3112558424472809,0.3104841709136963
5b139cf307c54e5690795b68a3df0ef6,baseline,-0.01095447689294815,1.0,0.055409010499715805,-0.01095447689294815,0.2651364207267761,0.2760908901691437,0.2529718577861786,0.3083808720111847
e486e52b9c9c4e9aa51b6295c665d140,baseline,0.017865851521492004,1.0,0.0006637200713157654,0.017865851521492004,0.27193793654441833,0.25407207012176514,0.27558284997940063,0.2762466073036194
d24554d45b0743a2a2f1b43adff44e66,baseline,0.047697678208351135,1.0,-0.042881038039922714,0.047697678208351135,0.30669480562210083,0.2589971423149109,0.3098423480987549,0.26696133613586426
95e1e3152146483f9f4875f36333bfac,baseline,0.0015453100204467773,1.0,-0.0015453100204467773,0.0015453100204467773,0.26620614528656006,0.2646608352661133,0.26620614528656006,0.2646608352661133
f1804831e66c463fb91eddafdc475c16,baseline,0.03143414109945297,1.0,0.003504417836666107,0.03143414109945297,0.24747437238693237,0.2160402536392212,0.22770896553993225,0.23121337592601776
dd26426e90e94f9081064571adc38250,baseline,-0.00025290995836257935,1.0,0.00025290995836257935,-0.00025290995836257935,0.2993282973766327,0.2995811998844147,0.2993282973766327,0.2995811998844147
f64ec318b1204eaeb30330839c62e556,baseline,-0.014275230467319489,1.0,0.03766973689198494,-0.014275230467319489,0.25615209341049194,0.2704273462295532,0.23284760117530823,0.27051734924316406
c73828f07e6c4a4880b0bac11012d17c,baseline,0.00046315044164657593,1.0,-0.00046315044164657593,0.00046315044164657593,0.16929270327091217,0.1688295602798462,0.16929270327091217,0.1688295602798462
42f637f5781443b9a3e115d03071b19f,baseline,-0.000810578465461731,1.0,0.03831033408641815,-0.000810578465461731,0.2725294232368469,0.27333998680114746,0.2517879605293274,0.29009827971458435
2b2d85fcdc18472ebcba9a5955e8e5fd,baseline,-0.0007329843938350677,1.0,0.0007329843938350677,-0.0007329843938350677,0.22662191092967987,0.22735489904880524,0.22662191092967987,0.22735489904880524
11c9670f685441fab536c0651af13d57,baseline,0.03872210532426834,1.0,-0.01289072260260582,0.03872210532426834,0.2472527027130127,0.20853060483932495,0.24370041489601135,0.23080968856811523
c03b0873f39b4abb9673b229390cb5f4,baseline,-0.0015344321727752686,1.0,0.0015344321727752686,-0.0015344321727752686,0.29415076971054077,0.2956852316856384,0.29415076971054077,0.2956852316856384
d35f8d3d267f4fe4a18abb89758c34ab,baseline,0.0001468658447265625,1.0,-0.0001468658447265625,0.0001468658447265625,0.3544154167175293,0.3542685806751251,0.3544154167175293,0.3542685806751251
1e210e7a3a67481ca20e9bd13b80fee1,baseline,0.0033236294984817505,1.0,-0.0033236294984817505,0.0033236294984817505,0.29430273175239563,0.2909791171550751,0.29430273175239563,0.2909791171550751
6ccb03f85f284aabb7d89de7eaabe76b,baseline,0.0013025999069213867,1.0,-0.0013025999069213867,0.0013025999069213867,0.19166047871112823,0.19035786390304565,0.19166047871112823,0.19035786390304565
9dc0d34b504c4a0499e6f354edf46fb3,baseline,0.04554525017738342,1.0,-0.03993222489953041,0.04554525017738342,0.25763511657714844,0.21208986639976501,0.26012349128723145,0.22019125521183014
9ab2c2ca7bd7457db5d56b88efe91a52,baseline,0.0006643682718276978,1.0,-0.0006643682718276978,0.0006643682718276978,0.28076598048210144,0.28010159730911255,0.28076598048210144,0.28010159730911255
9b1e8d2f7dff4d6080787bb562e9d04b,baseline,0.004852138459682465,1.0,-0.004852138459682465,0.004852138459682465,0.28519612550735474,0.28034400939941406,0.28519612550735474,0.28034400939941406
da8d4b272000498cb50b2852a8fda7f7,baseline,-0.001466989517211914,1.0,0.001466989517211914,-0.001466989517211914,0.29222506284713745,0.29369205236434937,0.29222506284713745,0.29369205236434937
78fb339d064f4a4e97b4abf57c2802f1,baseline,-0.0002942606806755066,1.0,0.0002942606806755066,-0.0002942606806755066,0.29269111156463623,0.29298534989356995,0.29269111156463623,0.29298534989356995
95447fa07b594916868acb03a6b01d5e,baseline,-3.7103891372680664e-06,1.0,3.7103891372680664e-06,-3.7103891372680664e-06,0.31882885098457336,0.31883254647254944,0.31882885098457336,0.31883254647254944
abe1d38a93e34d689ed9c23cffec9eb4,baseline,-1.4334917068481445e-05,1.0,1.4334917068481445e-05,-1.4334917068481445e-05,0.31150850653648376,0.31152284145355225,0.31150850653648376,0.31152284145355225
78ece67398414aa1b4bc364c7d4ffba7,baseline,-0.0006232410669326782,1.0,0.0006232410669326782,-0.0006232410669326782,0.2936311960220337,0.2942544221878052,0.2936311960220337,0.2942544221878052
0df8b2148218491fa4a25aabdfa73a7f,baseline,0.014834783971309662,1.0,0.03981069475412369,0.014834783971309662,0.24836687743663788,0.2335321009159088,0.22788456082344055,0.26769524812698364
9842f0afe4c3418bb03dd8fb1eaafcdc,baseline,0.0023683086037635803,1.0,0.0475916713476181,0.0023683086037635803,0.292510986328125,0.29014265537261963,0.27843818068504333,0.32602983713150024
358e0c0ff43c4bdfb14793ae6ff494e5,baseline,0.0012590810656547546,1.0,-0.0012590810656547546,0.0012590810656547546,0.3474119305610657,0.3461528420448303,0.3474119305610657,0.3461528420448303
1364af2375d54d77a7d0dc5e5b751bec,baseline,0.0022019147872924805,1.0,-0.0022019147872924805,0.0022019147872924805,0.2958410680294037,0.2936391532421112,0.2958410680294037,0.2936391532421112
2329c9dcb7b14e3b8fc0f6edf5f1650e,baseline,0.00030032917857170105,1.0,-0.00030032917857170105,0.00030032917857170105,0.2556282877922058,0.2553279399871826,0.2556282877922058,0.2553279399871826
ef3e9de2c6ef46b186e7bc1ec004da0e,baseline,0.042443759739398956,1.0,-0.02084328979253769,0.042443759739398956,0.30569592118263245,0.2632521390914917,0.3005375266075134,0.27969425916671753
a486f8cd4b464804957c19dd8f0e9ee1,baseline,-0.00024305284023284912,1.0,0.00024305284023284912,-0.00024305284023284912,0.29600316286087036,0.296246200799942,0.29600316286087036,0.296246200799942
ace70359220d410a9b67ead1a788ea0d,baseline,0.0007265135645866394,1.0,0.006366610527038574,0.0007265135645866394,0.2984451353549957,0.2977186143398285,0.2975013256072998,0.3038679361343384
9af6a844e56d41f5b81ebb72d2d1e0ea,baseline,-0.008202657103538513,1.0,0.029528304934501648,-0.008202657103538513,0.25638407468795776,0.26458674669265747,0.25406187772750854,0.2835901975631714
6197bddff2e6494f9260650c646d8060,baseline,-0.005883656442165375,1.0,0.025855910032987595,-0.005883656442165375,0.24089868366718292,0.2467823326587677,0.2288818657398224,0.2547377645969391
8d5e631068ed4491b54b768cf312cd75,baseline,0.04374213144183159,1.0,0.015950705856084824,0.04374213144183159,0.27317988872528076,0.22943775355815887,0.261525422334671,0.27747613191604614
c606f322fc54498ca0053331f78c17b4,baseline,-0.0006350800395011902,1.0,0.0006350800395011902,-0.0006350800395011902,0.3308161795139313,0.33145126700401306,0.3308161795139313,0.33145126700401306
7a3179db32fc480a83242dd472041ae4,baseline,-0.0008101463317871094,1.0,0.02061321586370468,-0.0008101463317871094,0.3073776960372925,0.3081878423690796,0.29897499084472656,0.31958818435668945
5fcdec7465ef4954b689200a0f1725dd,baseline,-0.001441754400730133,1.0,0.001441754400730133,-0.001441754400730133,0.2881447374820709,0.28958648443222046,0.2881447374820709,0.28958648443222046
d90df79783db42d384d960f6a10fa13c,baseline,-0.0001498088240623474,1.0,0.0001498088240623474,-0.0001498088240623474,0.27419140934944153,0.2743411958217621,0.27419140934944153,0.2743411958217621
5f5462dceee14b24827eca8f37e462a7,baseline,0.010544214397668839,1.0,-0.002499174326658249,0.010544214397668839,0.20875480771064758,0.19821059703826904,0.2291630357503891,0.22666385769844055
4802f2f546d142ad804007e42301f6d8,baseline,0.007703546434640884,1.0,0.007969789206981659,0.007703546434640884,0.2594476640224457,0.2517440915107727,0.27090245485305786,0.27887222170829773
8ecae204ea344c87b3b9ef6eb5bdce2f,baseline,-0.004170525819063187,1.0,0.004170525819063187,-0.004170525819063187,0.23180881142616272,0.23597931861877441,0.23180881142616272,0.23597931861877441
ad7a6bf146db48dcb22f20f5b3b048a2,baseline,-0.00012250244617462158,1.0,0.00012250244617462158,-0.00012250244617462158,0.3066166639328003,0.3067391514778137,0.3066166639328003,0.3067391514778137
d157e62e182b4f88937d7e9e07d7edcb,baseline,-0.014733854681253433,1.0,0.046481698751449585,-0.014733854681253433,0.24279922246932983,0.25753307342529297,0.2425978183746338,0.2890795171260834
d708d9efdd5a42cfa7c21d129562e193,baseline,0.002193853259086609,1.0,-0.002193853259086609,0.002193853259086609,0.27956029772758484,0.27736642956733704,0.27956029772758484,0.27736642956733704
41fec24e7b3048328d8701329d79b9af,baseline,0.019085325300693512,1.0,0.01697731390595436,0.019085325300693512,0.3074614703655243,0.2883761525154114,0.26539963483810425,0.2823769748210907
44adfbf962a14251a9c273b645ad22a6,baseline,0.00025979429483413696,1.0,-0.00025979429483413696,0.00025979429483413696,0.29044783115386963,0.2901880145072937,0.29044783115386963,0.2901880145072937
02570378084d4898a91e7d3101a3bee7,baseline,-0.00010661035776138306,1.0,0.00010661035776138306,-0.00010661035776138306,0.2849472165107727,0.2850538194179535,0.2849472165107727,0.2850538194179535
2be44cd7410f48fe8f0332a89ebfec44,baseline,0.018378566950559616,1.0,0.015012722462415695,0.018378566950559616,0.2466665506362915,0.22828799486160278,0.2452789843082428,0.2602916955947876
a2263a28be0d44b083785f5655b51b32,baseline,0.000978723168373108,1.0,0.005721054971218109,0.000978723168373108,0.3056149482727051,0.3046362102031708,0.30551663041114807,0.3112376928329468
17cc8d123b5f4d3ba5b0a22c02af0818,baseline,0.0009037405252456665,1.0,-0.0009037405252456665,0.0009037405252456665,0.2712872326374054,0.27038347721099854,0.2712872326374054,0.27038347721099854
1455ae2af1624913a62eaf48bc290476,baseline,0.0007794424891471863,1.0,-0.0007794424891471863,0.0007794424891471863,0.29593387246131897,0.2951544225215912,0.29593387246131897,0.2951544225215912
8437a47f82924b82ba56864c784e13d5,baseline,-0.02347363531589508,1.0,0.059465259313583374,-0.02347363531589508,0.2447051703929901,0.2681788206100464,0.23240619897842407,0.29187148809432983
908339648efa44f290a57e4265761b52,baseline,0.0003250427544116974,1.0,-0.0003250427544116974,0.0003250427544116974,0.20606422424316406,0.20573917031288147,0.20606422424316406,0.20573917031288147
b2ee985de84a4ab29a3cc17a342bb6b3,baseline,0.0043554045259952545,1.0,0.003122139722108841,0.0043554045259952545,0.19122807681560516,0.186872661113739,0.1853587031364441,0.18848085403442383
86e36a1feb6246768af30222746373d6,baseline,-0.00013726204633712769,1.0,0.00013726204633712769,-0.00013726204633712769,0.2997879981994629,0.2999252676963806,0.2997879981994629,0.2999252676963806
435857d15345411caa18f2b347ba8f0d,baseline,-0.0066183581948280334,1.0,0.04116423800587654,-0.0066183581948280334,0.2418489009141922,0.24846725165843964,0.22129324078559875,0.2624574899673462
82fe3b8d0f9d490dbaed4ef63d606af7,baseline,0.007501684129238129,1.0,-0.007501684129238129,0.007501684129238129,0.3067963421344757,0.299294650554657,0.3067963421344757,0.299294650554657
f35c2764acce4f8c994d24d996df4a7c,baseline,0.004163552075624466,1.0,-0.004163552075624466,0.004163552075624466,0.21944427490234375,0.21528072655200958,0.21944427490234375,0.21528072655200958
6e30c34745ca46d2891e48eef78e0d9e,baseline,-0.021574459969997406,1.0,0.04446776956319809,-0.021574459969997406,0.2800719738006592,0.3016464412212372,0.2784160375595093,0.32288381457328796
60848f22ab2145278297e5ef4badb772,baseline,0.0001854225993156433,1.0,-0.0001854225993156433,0.0001854225993156433,0.24813076853752136,0.24794533848762512,0.24813076853752136,0.24794533848762512
480b81bd14f143aa83c54aeb5ae91112,baseline,-0.0008735284209251404,1.0,0.0008735284209251404,-0.0008735284209251404,0.31566816568374634,0.3165417015552521,0.31566816568374634,0.3165417015552521
cfd16a2d90cc4525a3132128e24aaffe,baseline,0.0015881508588790894,1.0,-0.0015881508588790894,0.0015881508588790894,0.29451853036880493,0.29293036460876465,0.29451853036880493,0.29293036460876465
1317941430be4c96adb288e03b027ba0,baseline,-0.010901428759098053,1.0,0.010919682681560516,-0.010901428759098053,0.3078901767730713,0.31879162788391113,0.28044360876083374,0.29136329889297485
bba6e0763f6a456ea8009b9087c97da8,baseline,1.8496066331863403e-05,1.0,-1.8496066331863403e-05,1.8496066331863403e-05,0.22467145323753357,0.2246529757976532,0.22467145323753357,0.2246529757976532
3347b77ba308477ba576a65a9528a36b,baseline,-0.0005258619785308838,1.0,0.03876962885260582,-0.0005258619785308838,0.21785661578178406,0.21838247776031494,0.22876578569412231,0.2675354480743408
bb9bcc7949bd419fb914cb7390cb74b6,baseline,-0.0008967146277427673,1.0,0.0008967146277427673,-0.0008967146277427673,0.2973542809486389,0.2982510030269623,0.2973542809486389,0.2982510030269623
1aa6f55db8ad43c48e6683efcb596847,baseline,-0.0031356140971183777,1.0,0.049892909824848175,-0.0031356140971183777,0.3005498945713043,0.3036855459213257,0.288987934589386,0.33888083696365356
ed6821c7ea164e67bb7b0de08b2b49f8,baseline,-0.0008085668087005615,1.0,0.0008085668087005615,-0.0008085668087005615,0.2156362235546112,0.21644479036331177,0.2156362235546112,0.21644479036331177
deb35461aeee4676a643854c1206be5b,baseline,-0.04372243583202362,1.0,0.07678420841693878,-0.04372243583202362,0.25106269121170044,0.29478511214256287,0.2390781044960022,0.3158622980117798
c401e8ebc4b9411984e46f0775d46f4f,baseline,0.07693830132484436,1.0,-0.06267344206571579,0.07693830132484436,0.2729184627532959,0.19598017632961273,0.2724888324737549,0.2098153978586197
2f45c39bf22140219a54e134bda2f033,baseline,-0.025303207337856293,1.0,0.04079154133796692,-0.025303207337856293,0.24783475697040558,0.27313798666000366,0.25062015652656555,0.29141169786453247
f9d1e964ed95471b9621d5f232d69052,baseline,0.02113860473036766,1.0,-0.007626492530107498,0.02113860473036766,0.2542712092399597,0.23313261568546295,0.25854992866516113,0.25092342495918274
e1a2d94d62ee4c13959e8b1dd3494045,baseline,-0.008027318865060806,1.0,0.008027318865060806,-0.008027318865060806,0.2693555951118469,0.27738291025161743,0.2693555951118469,0.27738291025161743
25e4bd46e0a54ddbb9f4fc23b25b72b6,baseline,0.0008962526917457581,1.0,-0.0008962526917457581,0.0008962526917457581,0.3203306794166565,0.31943440437316895,0.3203306794166565,0.31943440437316895
8b32e1ded62144768cd9ca8945fa8524,baseline,-0.010083705186843872,1.0,0.05539002642035484,-0.010083705186843872,0.2850129008293152,0.29509663581848145,0.264674574136734,0.32006460428237915
8524328e17bc42e3b604e3966e8a8d11,baseline,-0.0003607645630836487,1.0,0.0003607645630836487,-0.0003607645630836487,0.25147032737731934,0.2518311142921448,0.25147032737731934,0.2518311142921448
fb7d891dc30a4e70a14a79ea47603731,baseline,-0.0038737282156944275,1.0,0.0038737282156944275,-0.0038737282156944275,0.2971613109111786,0.3010350465774536,0.2971613109111786,0.3010350465774536
eaa92d38774a420a850ad60eb5921055,baseline,0.04999144747853279,1.0,-0.029108185321092606,0.04999144747853279,0.2572259306907654,0.2072344720363617,0.25829175114631653,0.22918356955051422
7ab64c4bf8034c9cb491a88af2795330,baseline,-0.001004546880722046,1.0,0.001004546880722046,-0.001004546880722046,0.2979714274406433,0.29897597432136536,0.2979714274406433,0.29897597432136536
d44e670f11c343d58cbf6d6835e2e635,baseline,-0.00026573240756988525,1.0,0.00026573240756988525,-0.00026573240756988525,0.3402411639690399,0.3405068814754486,0.3402411639690399,0.3405068814754486
d4cc293d593547eaac789de676f4913d,baseline,-0.03056778758764267,1.0,0.06284703314304352,-0.03056778758764267,0.24332371354103088,0.27389150857925415,0.24405032396316528,0.3068973422050476
2365c9023fd048508adb0a51617a8478,baseline,-0.0014355406165122986,1.0,0.0014355406165122986,-0.0014355406165122986,0.3663056492805481,0.367741197347641,0.3663056492805481,0.367741197347641
8df8151feedc428ab216993ca120a515,baseline,0.03140982985496521,1.0,0.04556616395711899,0.03140982985496521,0.2791866064071655,0.2477767914533615,0.2510974109172821,0.2966635823249817
15bd2d60a1ca4381bd348c0cc69a06f4,baseline,-0.003379054367542267,1.0,0.003379054367542267,-0.003379054367542267,0.2654130458831787,0.26879212260246277,0.2654130458831787,0.26879212260246277
8158f80a28a24d4a8b8cfc6026a0dbf1,baseline,0.001827239990234375,1.0,-0.001827239990234375,0.001827239990234375,0.32773828506469727,0.3259110450744629,0.32773828506469727,0.3259110450744629
b8bfdcc81736445aad28389ebad19615,baseline,-0.004367180168628693,1.0,0.004367180168628693,-0.004367180168628693,0.2689855992794037,0.27335280179977417,0.2689855992794037,0.27335280179977417
24c959f40a3f4d7a8cc1f58ddb546231,baseline,0.00023712217807769775,1.0,-0.00023712217807769775,0.00023712217807769775,0.26503050327301025,0.26479339599609375,0.26503050327301025,0.26479339599609375
fb614ea99ae24c729bddcc03374a36a4,baseline,0.01638469472527504,1.0,-0.012121789157390594,0.01638469472527504,0.27551302313804626,0.2591283321380615,0.27944645285606384,0.26732468605041504
bb32806cf18041ba9f99910bff527367,baseline,0.013518795371055603,1.0,0.014484971761703491,0.013518795371055603,0.3179562985897064,0.304437518119812,0.3015940189361572,0.3160790205001831
16468d39013948d68efd8f0121e58c0d,baseline,0.0003520101308822632,1.0,-0.0003520101308822632,0.0003520101308822632,0.3250574767589569,0.32470548152923584,0.3250574767589569,0.32470548152923584
cb88e562c2264d079744e22b27b0a1bc,baseline,0.002350226044654846,1.0,-0.002350226044654846,0.002350226044654846,0.22183096408843994,0.2194807380437851,0.22183096408843994,0.2194807380437851
5b7198a26a0640bb842f73ed338e6a20,baseline,0.017095938324928284,1.0,0.02742643654346466,0.017095938324928284,0.292047381401062,0.27495142817497253,0.28726881742477417,0.31469523906707764
2e8f4be08cb246f691da1d3a23c78044,baseline,0.039102330803871155,1.0,-0.018802467733621597,0.039102330803871155,0.27450668811798096,0.2354043424129486,0.2605898380279541,0.2417873740196228
9e015e6f2b0143a5aed16c0df9207ed2,baseline,0.024762310087680817,1.0,-0.009265422821044922,0.024762310087680817,0.28214898705482483,0.2573866844177246,0.2716507017612457,0.2623852789402008
c63ae9ed9763485eaa3a911c5cd770ae,baseline,-1.12876296043396e-05,1.0,1.12876296043396e-05,-1.12876296043396e-05,0.24462135136127472,0.24463263154029846,0.24462135136127472,0.24463263154029846
4f73adf462c24562b08ab3e8422b4130,baseline,-0.024391360580921173,1.0,0.059088896960020065,-0.024391360580921173,0.2652648091316223,0.2896561622619629,0.24840047955513,0.3074893653392792
5186b930ba9740459b5eae14be6bd115,baseline,-0.0002339184284210205,1.0,0.0002339184284210205,-0.0002339184284210205,0.1762239634990692,0.17645788192749023,0.1762239634990692,0.17645788192749023
4aa348c41a8d4aa0835be5fb2dec0828,baseline,0.038004182279109955,1.0,0.009395711123943329,0.038004182279109955,0.2578001618385315,0.21979595720767975,0.22238701581954956,0.2317827343940735
342207e0f2394a929443658e6e111cf3,baseline,0.014163486659526825,1.0,0.03691564500331879,0.014163486659526825,0.2629804313182831,0.24881695210933685,0.23679299652576447,0.27370864152908325
620e777dd31c4dc4b8d831eea6b9abaa,baseline,0.012060098350048065,1.0,0.009151913225650787,0.012060098350048065,0.24099129438400269,0.22893118858337402,0.23994749784469604,0.24909940361976624
46551a65d7634d268bfa409cae0d060c,baseline,0.033998630940914154,1.0,-0.010225318372249603,0.033998630940914154,0.3331739604473114,0.29917532205581665,0.327251136302948,0.3170258104801178
bebcd88162f4453494297b38ef31f277,baseline,0.0016466081142425537,1.0,-0.0016466081142425537,0.0016466081142425537,0.2523682713508606,0.25072166323661804,0.2523682713508606,0.25072166323661804
bddfb886dd844acb8a06352ba22ef8e4,baseline,0.008636243641376495,1.0,0.03143896162509918,0.008636243641376495,0.30147165060043335,0.29283538460731506,0.2877035140991211,0.3191424608230591
8e440631b2644643ae2fbc3cb444af7f,baseline,-0.00019837170839309692,1.0,0.01828518882393837,-0.00019837170839309692,0.2562086880207062,0.2564070522785187,0.25005000829696655,0.2683351933956146
71152973ecd04ee29d24568de084afcb,baseline,0.0007171332836151123,1.0,-0.0007171332836151123,0.0007171332836151123,0.305006742477417,0.3042896091938019,0.305006742477417,0.3042896091938019
6ddbff15733e4c2cae184ad2800dee67,baseline,0.00024276599287986755,1.0,-0.00024276599287986755,0.00024276599287986755,0.2377539873123169,0.23751121759414673,0.2377539873123169,0.23751121759414673
aa56159de7c246b4a6d92f6550e37ff3,baseline,-0.02319841831922531,1.0,0.037163104861974716,-0.02319841831922531,0.2529195249080658,0.2761179208755493,0.2562706768512726,0.2934337854385376
657438c41320465cbd0b211cfd2d60d2,baseline,-0.013782098889350891,1.0,0.055940575897693634,-0.013782098889350891,0.3210664391517639,0.3348485231399536,0.31250661611557007,0.3684471845626831
9c6a0b5a775c4cd3b04d28d9d8666f04,baseline,9.156391024589539e-05,1.0,-9.156391024589539e-05,9.156391024589539e-05,0.25082647800445557,0.2507348954677582,0.25082647800445557,0.2507348954677582
a3f1920e8b4f4fe7ab68844b94abd6e5,baseline,0.0022701770067214966,1.0,-0.0022701770067214966,0.0022701770067214966,0.29254406690597534,0.29027387499809265,0.29254406690597534,0.29027387499809265
15e01b41d44f412a842cf393d4eb73ca,baseline,8.277595043182373e-06,1.0,-8.277595043182373e-06,8.277595043182373e-06,0.3277469575405121,0.3277387022972107,0.3277469575405121,0.3277387022972107
dccc9c037b3d4d8e8968ec43303d79a7,baseline,-0.0004903003573417664,1.0,0.007657848298549652,-0.0004903003573417664,0.2709850072860718,0.27147531509399414,0.2784014046192169,0.28605926036834717
10932f28601841d5beeed1ae1fbec73c,baseline,-0.007346969097852707,1.0,0.07146493345499039,-0.007346969097852707,0.24143554270267487,0.24878251552581787,0.2302718311548233,0.3017367720603943
02bf4ca5d9124030a96f6b2d28e6bfec,factorized_fixed,0.01832016184926033,1.0,-0.01725604385137558,0.01832016184926033,0.24238571524620056,0.22406555712223053,0.24304305016994476,0.2257869839668274
b95d0c353a2c4fd09e6405db251672e4,factorized_fixed,0.00400785356760025,1.0,-0.00400785356760025,0.00400785356760025,0.32117563486099243,0.3171677887439728,0.32117563486099243,0.3171677887439728
b968821ca5f54bef9670216e3a5bdb81,factorized_fixed,0.05763797461986542,1.0,-0.05763797461986542,0.05763797461986542,0.3100426197052002,0.25240465998649597,0.3100426197052002,0.25240465998649597
166524d69dbb4fd49ec7045b73e70d6e,factorized_fixed,-0.04639272391796112,1.0,0.04639272391796112,-0.04639272391796112,0.2539302706718445,0.3003230094909668,0.2539302706718445,0.3003230094909668
7dbd2405e75642fdbfae5e76efebbc1b,factorized_fixed,-0.024411939084529877,1.0,0.024411939084529877,-0.024411939084529877,0.261136919260025,0.2855488657951355,0.261136919260025,0.2855488657951355
cd56bef671d442d090a6faef59394dc9,factorized_fixed,-0.03135477751493454,1.0,0.045359522104263306,-0.03135477751493454,0.20923402905464172,0.24058879911899567,0.19669438898563385,0.24205392599105835
f692052003954956b1edabec03c327a2,factorized_fixed,-0.06949903070926666,1.0,0.06386192888021469,-0.06949903070926666,0.22768282890319824,0.2971818745136261,0.21550896763801575,0.27937090396881104
f35dd3de67484706ab2824cc93fa1f30,factorized_fixed,0.026503704488277435,1.0,-0.03282319754362106,0.026503704488277435,0.28414273262023926,0.2576390504837036,0.2887830138206482,0.2559598386287689
9b6f07dafac34580b5bfdb5cf736fdcc,factorized_fixed,-0.05118696019053459,1.0,0.05441766977310181,-0.05118696019053459,0.21561792492866516,0.26680487394332886,0.1994742602109909,0.2538919150829315
a1044b91bd604b22b8067d5bdf9405d4,factorized_fixed,-0.04655583202838898,1.0,0.04655583202838898,-0.04655583202838898,0.2510525584220886,0.2976083755493164,0.2510525584220886,0.2976083755493164
ff1b9d3e0ecc4359b70ffe042432174d,factorized_fixed,0.007173169404268265,1.0,-0.033992376178503036,0.007173169404268265,0.24193060398101807,0.2347574234008789,0.25085538625717163,0.2168630063533783
18fe447412d04c3db52aef75771ad699,factorized_fixed,0.02559477835893631,1.0,-0.03780645132064819,0.02559477835893631,0.2713513970375061,0.2457566112279892,0.26682227849960327,0.22901582717895508
98ef9faf31cc435497509d743142b638,factorized_fixed,-0.03196239471435547,1.0,0.03196239471435547,-0.03196239471435547,0.2616479694843292,0.2936103641986847,0.2616479694843292,0.2936103641986847
518cc68fbf0e4aad946286150c8f88bc,factorized_fixed,-0.08922942727804184,1.0,0.08922942727804184,-0.08922942727804184,0.2010909765958786,0.29032039642333984,0.2010909765958786,0.29032039642333984
3a80795a25d746eaaeceb349889679e7,factorized_fixed,-0.04310200363397598,1.0,0.013416342437267303,-0.04310200363397598,0.21086204051971436,0.25396403670310974,0.20565292239189148,0.21906927227973938
2884e7f790a64d39b3a9f680d8bfb16d,factorized_fixed,0.07179129868745804,1.0,-0.063993901014328,0.07179129868745804,0.3178394138813019,0.24604812264442444,0.3050141930580139,0.2410202920436859
0897f48eb8ee413d816fc56840949a4e,factorized_fixed,-0.05224616825580597,1.0,0.0350162573158741,-0.05224616825580597,0.2158891260623932,0.26813527941703796,0.21259638667106628,0.24761264026165009
f384e0740292452c9ec38c54c74a20f8,factorized_fixed,-0.009510163217782974,1.0,0.009510163217782974,-0.009510163217782974,0.21202687919139862,0.2215370386838913,0.21202687919139862,0.2215370386838913
cc0a200e62154a7eadb9346485c812b7,factorized_fixed,-0.10324415564537048,1.0,0.10324415564537048,-0.10324415564537048,0.21308831870555878,0.31633245944976807,0.21308831870555878,0.31633245944976807
ecb170b034854322bca655d2a286ae25,factorized_fixed,-0.05161478742957115,1.0,0.01880316436290741,-0.05161478742957115,0.21436375379562378,0.26597854495048523,0.2208384871482849,0.23964165151119232
e4a7f553056745d6badaa977aa9df03b,factorized_fixed,0.04073458909988403,1.0,-0.043071962893009186,0.04073458909988403,0.3054512143135071,0.26471662521362305,0.3027055859565735,0.2596336305141449
91270dab9d1a47c7ba7ffaaf8c8b0beb,factorized_fixed,0.020230144262313843,1.0,-0.020230144262313843,0.020230144262313843,0.3316999077796936,0.31146976351737976,0.3316999077796936,0.31146976351737976
c321b03b66c945d781e1e2636f8f5364,factorized_fixed,-0.03262319415807724,1.0,0.017780601978302002,-0.03262319415807724,0.28047093749046326,0.3130941390991211,0.2820773124694824,0.2998579144477844
ab67f42957f342ffa61934fb97227986,factorized_fixed,-0.06197289004921913,1.0,0.06197289004921913,-0.06197289004921913,0.24387294054031372,0.30584582686424255,0.24387294054031372,0.30584582686424255
f62c4f21c2ba4464879fca25edb87207,factorized_fixed,-0.07309603691101074,1.0,0.07730972021818161,-0.07309603691101074,0.2200983166694641,0.29319435358047485,0.19698470830917358,0.2742944359779358
9107776f57c9455a9afccc5a078604b5,factorized_fixed,-0.07855363190174103,1.0,0.07855363190174103,-0.07855363190174103,0.2023375928401947,0.2808912396430969,0.2023375928401947,0.2808912396430969
477dc7f7544b4430846939ab4d9c6478,factorized_fixed,-0.08153887838125229,1.0,0.08260554075241089,-0.08153887838125229,0.29079973697662354,0.3723386228084564,0.2887786328792572,0.3713842034339905
6d61332cf42645bca89c9cbbf4424347,factorized_fixed,-0.013481412082910538,1.0,0.013481412082910538,-0.013481412082910538,0.20569409430027008,0.21917550265789032,0.20569409430027008,0.21917550265789032
69b861d16bdf4ecabc7c1aa7f9d8ee6a,factorized_fixed,-0.06210111826658249,1.0,0.06210111826658249,-0.06210111826658249,0.2888292372226715,0.3509303331375122,0.2888292372226715,0.3509303331375122
071d3a50639747b0ae2452e0cc1c833a,factorized_fixed,-0.009939447045326233,1.0,0.006101831793785095,-0.009939447045326233,0.22902698814868927,0.2389664351940155,0.23413632810115814,0.24023815989494324
22c11b3c80d6432cb02b81ea2b901a61,factorized_fixed,-0.002922825515270233,1.0,0.0031478628516197205,-0.002922825515270233,0.25949880480766296,0.2624216377735138,0.26420438289642334,0.26735225319862366
298d4978e1bf4b86addde2b3da2e1310,factorized_fixed,0.013013504445552826,1.0,-0.013013504445552826,0.013013504445552826,0.3487268388271332,0.33571332693099976,0.3487268388271332,0.33571332693099976
dbace2dc5831441bbdf4d676e09e8abb,factorized_fixed,-0.001614987850189209,1.0,-0.0011680200695991516,-0.001614987850189209,0.31870517134666443,0.32032015919685364,0.31889986991882324,0.3177318871021271
c5bb049c96254386ba9a996fe5441eea,factorized_fixed,-0.0002669915556907654,1.0,0.008548177778720856,-0.0002669915556907654,0.270033061504364,0.27030009031295776,0.2652462124824524,0.27379441261291504
2485c061a03346d69f952726f5c1abba,factorized_fixed,-0.06050250306725502,1.0,0.06050250306725502,-0.06050250306725502,0.21526101231575012,0.27576351165771484,0.21526101231575012,0.27576351165771484
4599340d2a854faa8cfa7fb8253022a3,factorized_fixed,-0.06028413772583008,1.0,0.06028413772583008,-0.06028413772583008,0.233372300863266,0.29365643858909607,0.233372300863266,0.29365643858909607
3d0fbc7b7ab444cc890b800585cc5e89,factorized_fixed,0.019431475549936295,1.0,-0.023789703845977783,0.019431475549936295,0.25733423233032227,0.23790273070335388,0.2786262631416321,0.2548365592956543
e8bfa9a85c814ff48fe50f33275449dc,factorized_fixed,-0.05450841784477234,1.0,0.05450841784477234,-0.05450841784477234,0.1879327893257141,0.24244120717048645,0.1879327893257141,0.24244120717048645
d8dfbe5ac9ea43fcbd03bc8248029d5d,factorized_fixed,-0.013080090284347534,1.0,0.01917535811662674,-0.013080090284347534,0.26010897755622864,0.27318906784057617,0.2686273455619812,0.28780269622802734
013c33d1ceaf4330b9484b1839a65d83,factorized_fixed,-0.031915195286273956,1.0,0.035588931292295456,-0.031915195286273956,0.24001598358154297,0.2719312012195587,0.22677740454673767,0.2623663544654846
5f4783436a024ce2ad3926afddb20415,factorized_fixed,-0.048045698553323746,1.0,0.05539080500602722,-0.048045698553323746,0.221189945936203,0.26923564076423645,0.20941466093063354,0.26480546593666077
3562c939b9a84537b72ecba87c8b7ab1,factorized_fixed,0.04412217438220978,1.0,-0.045007359236478806,0.04412217438220978,0.3381933867931366,0.2940711975097656,0.31143537163734436,0.26642799377441406
0e333703083848d6be93a5524b4f9070,factorized_fixed,-0.03848477452993393,1.0,0.03848477452993393,-0.03848477452993393,0.20297451317310333,0.24145928025245667,0.20297451317310333,0.24145928025245667
264d22e997f14b489c89ff421ad069ef,factorized_fixed,-0.0650867372751236,1.0,0.0650867372751236,-0.0650867372751236,0.24546289443969727,0.31054961681365967,0.24546289443969727,0.31054961681365967
0cfada8261ff4970bd5dcb89e0de1268,factorized_fixed,-0.07076011598110199,1.0,0.0713706910610199,-0.07076011598110199,0.21422992646694183,0.28499001264572144,0.20912855863571167,0.28049924969673157
b7c3a4dc7d3948ab9f28b2f2a6860333,factorized_fixed,-0.01791561394929886,1.0,0.014424458146095276,-0.01791561394929886,0.23011472821235657,0.24803033471107483,0.2269323766231537,0.24135683476924896
4c357394c20e4b7a91f379c6512e748b,factorized_fixed,-0.005946069955825806,1.0,0.0011549964547157288,-0.005946069955825806,0.3139530420303345,0.3198990821838379,0.29856860637664795,0.2997235953807831
27b17f50764840a3aaf81bb5bfa9d622,factorized_fixed,-0.04763910174369812,1.0,0.04763910174369812,-0.04763910174369812,0.23795568943023682,0.28559479117393494,0.23795568943023682,0.28559479117393494
7a4e323925ab4fe3bbae374caf43693b,factorized_fixed,-0.025172457098960876,1.0,0.03762361779808998,-0.025172457098960876,0.23930008709430695,0.2644725441932678,0.2280960977077484,0.2657197117805481
f5fb2c4052154cd8a6b02c2118fbfc44,factorized_fixed,-0.041374221444129944,1.0,0.041374221444129944,-0.041374221444129944,0.30448538064956665,0.3458596169948578,0.30448538064956665,0.3458596169948578
eb4c9a0d35b247bb8a316a4f57a0d4ed,factorized_fixed,-0.08825881034135818,1.0,0.08825881034135818,-0.08825881034135818,0.2572152316570282,0.3454740643501282,0.2572152316570282,0.3454740643501282
c1e70ef428944c368c15d8e786c41f5f,factorized_fixed,-0.10412552207708359,1.0,0.10168895125389099,-0.10412552207708359,0.2256448119878769,0.3297703266143799,0.22075524926185608,0.32244420051574707
3837291669734bb295dee3c0884e78d3,factorized_fixed,-0.13161015510559082,1.0,0.13161015510559082,-0.13161015510559082,0.2315598428249359,0.36316999793052673,0.2315598428249359,0.36316999793052673
efa1bf3ea1ca4a5a863fb9fae6f7a464,factorized_fixed,-0.12918801605701447,1.0,0.12918801605701447,-0.12918801605701447,0.23367834091186523,0.3628663718700409,0.23367834091186523,0.3628663718700409
5a39f87081ce4376b7ec19621c063698,factorized_fixed,-0.05990568920969963,1.0,0.05594842880964279,-0.05990568920969963,0.22036784887313843,0.28027355670928955,0.21705913543701172,0.2730075716972351
864fe82d5d21474c82454133ce0e24ad,factorized_fixed,0.04196396470069885,1.0,-0.04196396470069885,0.04196396470069885,0.30772387981414795,0.2657599449157715,0.30772387981414795,0.2657599449157715
f5290ac62c444119a5146ce6d85d8244,factorized_fixed,-0.0014785081148147583,1.0,0.015415817499160767,-0.0014785081148147583,0.20653460919857025,0.208013117313385,0.20023849606513977,0.21565431356430054
df12f702f3ea41f7bb395242aa61b0b0,factorized_fixed,0.09091681241989136,1.0,-0.09091681241989136,0.09091681241989136,0.3058837056159973,0.21496687829494476,0.3058837056159973,0.21496687829494476
248daa3e3f544ba1991bbfba950e6316,factorized_fixed,-0.020096153020858765,1.0,0.02180957794189453,-0.020096153020858765,0.2965248227119446,0.31662097573280334,0.2813750207424164,0.3031845986843109
b643a29b96a44d4694a7bd3ea491bb8a,factorized_fixed,-0.04183121398091316,1.0,0.05660082399845123,-0.04183121398091316,0.20933306217193604,0.2511642575263977,0.19858521223068237,0.2551860213279724
b7eda88f2918497a946806a29816ca49,factorized_fixed,0.05660936236381531,1.0,-0.05660936236381531,0.05660936236381531,0.2653316259384155,0.20872224867343903,0.2653316259384155,0.20872224867343903
4fcb213149b04cb8bb9daea8018ac67a,factorized_fixed,-0.027338989078998566,1.0,0.016631674021482468,-0.027338989078998566,0.22970566153526306,0.25704464316368103,0.22115008533000946,0.23778174817562103
fb8638a866d349b2b364cac100ff6c99,factorized_fixed,-0.042043350636959076,1.0,0.042043350636959076,-0.042043350636959076,0.27199530601501465,0.3140386939048767,0.27199530601501465,0.3140386939048767
802a2a8424b94a80922433d51a95e779,factorized_fixed,0.03871728479862213,1.0,-0.025638632476329803,0.03871728479862213,0.23222893476486206,0.19351164996623993,0.2244756519794464,0.198837012052536
d77d97fd9c7041f8b7af98d5ebe99cd3,factorized_fixed,0.006285626441240311,1.0,-0.006285626441240311,0.006285626441240311,0.24109992384910583,0.23481428623199463,0.24109992384910583,0.23481428623199463
c3b7de17c84a4b30a28a1b1ec143cb52,factorized_fixed,-0.02216271311044693,1.0,0.024610985070466995,-0.02216271311044693,0.23422136902809143,0.25638407468795776,0.22945089638233185,0.25406187772750854
32e8acad50f2428891de6b05b8b10c83,factorized_fixed,-0.011895660310983658,1.0,0.011895660310983658,-0.011895660310983658,0.2209576517343521,0.23285332322120667,0.2209576517343521,0.23285332322120667
3c1044815e3f491e83b2038ca5dfae7a,factorized_fixed,0.0056793466210365295,1.0,-0.0056793466210365295,0.0056793466210365295,0.3269973397254944,0.32131803035736084,0.3269973397254944,0.32131803035736084
e7af0e7390754da78577311949e27781,factorized_fixed,-0.02216271311044693,1.0,0.024610985070466995,-0.02216271311044693,0.23422136902809143,0.25638407468795776,0.22945089638233185,0.25406187772750854
8ca7849e57b74f08b4ff1ef473950893,factorized_fixed,-0.0363360270857811,1.0,0.0363360270857811,-0.0363360270857811,0.2644968330860138,0.3008328676223755,0.2644968330860138,0.3008328676223755
7bf9719c7aa84660b3e4a91fb0668c98,factorized_fixed,-0.03549415245652199,1.0,0.022066686302423477,-0.03549415245652199,0.2252323180437088,0.2607264518737793,0.22337067127227783,0.245437353849411
279c001d2b7442448e92e3a53fea19c6,factorized_fixed,-0.12648329138755798,1.0,0.11480414867401123,-0.12648329138755798,0.21230283379554749,0.33878612518310547,0.22459429502487183,0.33939844369888306
124208a44b1340eea1ff5572b37ab715,factorized_fixed,-0.11588334292173386,1.0,0.11679454147815704,-0.11588334292173386,0.20052582025527954,0.316409170627594,0.20356398820877075,0.3203585147857666
f51a5b06892a45799494770db8691a79,factorized_fixed,-0.07666497677564621,1.0,0.05673402547836304,-0.07666497677564621,0.2374996542930603,0.3141646385192871,0.225285604596138,0.28201964497566223
cfdc580a27b04400b3abbdba442d151b,factorized_fixed,0.027391783893108368,1.0,-0.029322419315576553,0.027391783893108368,0.23800402879714966,0.2106122523546219,0.24330836534500122,0.21398593485355377
9fc44ece6a1b4c40990873b11006aafd,factorized_fixed,-0.1030213013291359,1.0,0.1030213013291359,-0.1030213013291359,0.24635982513427734,0.34938114881515503,0.24635982513427734,0.34938114881515503
5a2c5de778a6424ea22ed6b769e75325,factorized_fixed,-0.05616498738527298,1.0,0.05616498738527298,-0.05616498738527298,0.2618231773376465,0.31798815727233887,0.2618231773376465,0.31798815727233887
bee76f096747481bab9a3f644252affd,factorized_fixed,0.023726660758256912,1.0,-0.01851191744208336,0.023726660758256912,0.20843343436717987,0.18470677733421326,0.2048836648464203,0.18637174367904663
b9dd6af8389b438b8c1e36332e97c0e2,factorized_fixed,-0.090178944170475,1.0,0.08797019720077515,-0.090178944170475,0.22292594611644745,0.31310486793518066,0.2185666859149933,0.30653685331344604
61b1be06d54242c0a5cdaf78727c2a3a,factorized_fixed,-0.022231504321098328,1.0,0.022231504321098328,-0.022231504321098328,0.22035053372383118,0.2425820380449295,0.22035053372383118,0.2425820380449295
2fb41a885ab54214b2feabe31a23e9bc,factorized_fixed,-0.010963581502437592,1.0,0.010963581502437592,-0.010963581502437592,0.30563706159591675,0.31660065054893494,0.30563706159591675,0.31660065054893494
4794d1438dd645738d63ec84697551ea,factorized_fixed,-0.06160122901201248,1.0,0.06160122901201248,-0.06160122901201248,0.2646934986114502,0.3262946903705597,0.2646934986114502,0.3262946903705597
9b1c089d2c894b9e97fc6a4397b2f564,factorized_fixed,-0.030342809855937958,1.0,0.03739404305815697,-0.030342809855937958,0.21741068363189697,0.24775348603725433,0.21689124405384064,0.2542852759361267
7aa3c4746d194923afcab9c506c0efc7,factorized_fixed,-0.009495854377746582,1.0,0.00017011910676956177,-0.009495854377746582,0.2841864228248596,0.2936822772026062,0.2705004811286926,0.2706705927848816
75a9ae1f3cac4e60a9238cdf9cf2b295,factorized_fixed,-0.007392071187496185,1.0,0.02663864940404892,-0.007392071187496185,0.38373976945877075,0.39113181829452515,0.3726787567138672,0.3993173837661743
1d0be547d46c42a19b00330de6b5c4e7,factorized_fixed,0.007071930915117264,1.0,-0.007071930915117264,0.007071930915117264,0.21987223625183105,0.2128003090620041,0.21987223625183105,0.2128003090620041
df716991ac0141e78ae720a74a540726,factorized_fixed,-0.0568060576915741,1.0,0.0568060576915741,-0.0568060576915741,0.2544497847557068,0.3112558424472809,0.2544497847557068,0.3112558424472809
5b139cf307c54e5690795b68a3df0ef6,factorized_fixed,-0.04098835587501526,1.0,0.03999669849872589,-0.04098835587501526,0.22414806485176086,0.2651364207267761,0.2129751592874527,0.2529718577861786
e486e52b9c9c4e9aa51b6295c665d140,factorized_fixed,-0.0517054907977581,1.0,0.05705007538199425,-0.0517054907977581,0.22023244202136993,0.27193793654441833,0.21853280067443848,0.27558284997940063
d24554d45b0743a2a2f1b43adff44e66,factorized_fixed,-0.00628284364938736,1.0,0.015011020004749298,-0.00628284364938736,0.3004119396209717,0.30669480562210083,0.2948313355445862,0.3098423480987549
95e1e3152146483f9f4875f36333bfac,factorized_fixed,-0.018435299396514893,1.0,0.018435299396514893,-0.018435299396514893,0.24777084589004517,0.26620614528656006,0.24777084589004517,0.26620614528656006
f1804831e66c463fb91eddafdc475c16,factorized_fixed,-0.011606104671955109,1.0,-0.008140716701745987,-0.011606104671955109,0.23586829006671906,0.24747437238693237,0.23584967851638794,0.22770896553993225
dd26426e90e94f9081064571adc38250,factorized_fixed,-0.05256151035428047,1.0,0.05256151035428047,-0.05256151035428047,0.24676679074764252,0.2993282973766327,0.24676679074764252,0.2993282973766327
f64ec318b1204eaeb30330839c62e556,factorized_fixed,-0.02152116596698761,1.0,-0.0026792623102664948,-0.02152116596698761,0.23463094234466553,0.25615209341049194,0.23552685976028442,0.23284760117530823
c73828f07e6c4a4880b0bac11012d17c,factorized_fixed,0.11220073699951172,1.0,-0.11220073699951172,0.11220073699951172,0.2814934253692627,0.16929270327091217,0.2814934253692627,0.16929270327091217
42f637f5781443b9a3e115d03071b19f,factorized_fixed,-0.03936316817998886,1.0,0.027574867010116577,-0.03936316817998886,0.23316624760627747,0.2725294232368469,0.22421307861804962,0.2517879605293274
2b2d85fcdc18472ebcba9a5955e8e5fd,factorized_fixed,-0.00983019545674324,1.0,0.00983019545674324,-0.00983019545674324,0.21679171919822693,0.22662191092967987,0.21679171919822693,0.22662191092967987
11c9670f685441fab536c0651af13d57,factorized_fixed,-0.014882970601320267,1.0,0.02024504542350769,-0.014882970601320267,0.23236973583698273,0.2472527027130127,0.22345536947250366,0.24370041489601135
c03b0873f39b4abb9673b229390cb5f4,factorized_fixed,-0.07378952205181122,1.0,0.07378952205181122,-0.07378952205181122,0.22036126255989075,0.29415076971054077,0.22036126255989075,0.29415076971054077
d35f8d3d267f4fe4a18abb89758c34ab,factorized_fixed,-0.04003985971212387,1.0,0.04003985971212387,-0.04003985971212387,0.3143755793571472,0.3544154167175293,0.3143755793571472,0.3544154167175293
1e210e7a3a67481ca20e9bd13b80fee1,factorized_fixed,-0.0697954073548317,1.0,0.0697954073548317,-0.0697954073548317,0.22450733184814453,0.29430273175239563,0.22450733184814453,0.29430273175239563
6ccb03f85f284aabb7d89de7eaabe76b,factorized_fixed,0.043193522840738297,1.0,-0.043193522840738297,0.043193522840738297,0.23485398292541504,0.19166047871112823,0.23485398292541504,0.19166047871112823
9dc0d34b504c4a0499e6f354edf46fb3,factorized_fixed,-0.018061403185129166,1.0,0.017691828310489655,-0.018061403185129166,0.23957370221614838,0.25763511657714844,0.242431640625,0.26012349128723145
9ab2c2ca7bd7457db5d56b88efe91a52,factorized_fixed,0.06461407244205475,1.0,-0.06461407244205475,0.06461407244205475,0.3453800678253174,0.28076598048210144,0.3453800678253174,0.28076598048210144
9b1e8d2f7dff4d6080787bb562e9d04b,factorized_fixed,-0.05682492256164551,1.0,0.05682492256164551,-0.05682492256164551,0.22837120294570923,0.28519612550735474,0.22837120294570923,0.28519612550735474
da8d4b272000498cb50b2852a8fda7f7,factorized_fixed,-0.07557004690170288,1.0,0.07557004690170288,-0.07557004690170288,0.21665500104427338,0.29222506284713745,0.21665500104427338,0.29222506284713745
78fb339d064f4a4e97b4abf57c2802f1,factorized_fixed,-0.05998833104968071,1.0,0.05998833104968071,-0.05998833104968071,0.23270276188850403,0.29269111156463623,0.23270276188850403,0.29269111156463623
95447fa07b594916868acb03a6b01d5e,factorized_fixed,-0.07974200695753098,1.0,0.07974200695753098,-0.07974200695753098,0.2390868365764618,0.31882885098457336,0.2390868365764618,0.31882885098457336
abe1d38a93e34d689ed9c23cffec9eb4,factorized_fixed,-0.10413698107004166,1.0,0.10413698107004166,-0.10413698107004166,0.2073715329170227,0.31150850653648376,0.2073715329170227,0.31150850653648376
78ece67398414aa1b4bc364c7d4ffba7,factorized_fixed,-0.026633307337760925,1.0,0.026633307337760925,-0.026633307337760925,0.2669978737831116,0.2936311960220337,0.2669978737831116,0.2936311960220337
0df8b2148218491fa4a25aabdfa73a7f,factorized_fixed,-0.016339585185050964,1.0,0.0028760284185409546,-0.016339585185050964,0.23202729225158691,0.24836687743663788,0.2250085473060608,0.22788456082344055
9842f0afe4c3418bb03dd8fb1eaafcdc,factorized_fixed,-0.0655236765742302,1.0,0.06330008059740067,-0.0655236765742302,0.2269873023033142,0.292510986328125,0.21513807773590088,0.27843818068504333
358e0c0ff43c4bdfb14793ae6ff494e5,factorized_fixed,-0.045564718544483185,1.0,0.045564718544483185,-0.045564718544483185,0.3018472194671631,0.3474119305610657,0.3018472194671631,0.3474119305610657
1364af2375d54d77a7d0dc5e5b751bec,factorized_fixed,-0.032755956053733826,1.0,0.032755956053733826,-0.032755956053733826,0.26308512687683105,0.2958410680294037,0.26308512687683105,0.2958410680294037
2329c9dcb7b14e3b8fc0f6edf5f1650e,factorized_fixed,-0.036116715520620346,1.0,0.036116715520620346,-0.036116715520620346,0.21951155364513397,0.2556282877922058,0.21951155364513397,0.2556282877922058
ef3e9de2c6ef46b186e7bc1ec004da0e,factorized_fixed,-0.01154184341430664,1.0,0.00711233913898468,-0.01154184341430664,0.2941540479660034,0.30569592118263245,0.29342520236968994,0.3005375266075134
a486f8cd4b464804957c19dd8f0e9ee1,factorized_fixed,0.03528702259063721,1.0,-0.03528702259063721,0.03528702259063721,0.33129018545150757,0.29600316286087036,0.33129018545150757,0.29600316286087036
ace70359220d410a9b67ead1a788ea0d,factorized_fixed,-0.07910175621509552,1.0,0.07739776372909546,-0.07910175621509552,0.219343364238739,0.2984451353549957,0.22010356187820435,0.2975013256072998
9af6a844e56d41f5b81ebb72d2d1e0ea,factorized_fixed,-0.02216271311044693,1.0,0.024610985070466995,-0.02216271311044693,0.23422136902809143,0.25638407468795776,0.22945089638233185,0.25406187772750854
6197bddff2e6494f9260650c646d8060,factorized_fixed,0.029033519327640533,1.0,-0.036569107323884964,0.029033519327640533,0.26993221044540405,0.24089868366718292,0.26545095443725586,0.2288818657398224
8d5e631068ed4491b54b768cf312cd75,factorized_fixed,-0.05239461362361908,1.0,0.04517631232738495,-0.05239461362361908,0.22078527510166168,0.27317988872528076,0.21634912490844727,0.261525422334671
c606f322fc54498ca0053331f78c17b4,factorized_fixed,-0.11530178785324097,1.0,0.11530178785324097,-0.11530178785324097,0.2155143916606903,0.3308161795139313,0.2155143916606903,0.3308161795139313
7a3179db32fc480a83242dd472041ae4,factorized_fixed,0.02004479616880417,1.0,-0.01591069996356964,0.02004479616880417,0.32742246985435486,0.3073776960372925,0.314885675907135,0.29897499084472656
5fcdec7465ef4954b689200a0f1725dd,factorized_fixed,0.0050276294350624084,1.0,-0.0050276294350624084,0.0050276294350624084,0.29317235946655273,0.2881447374820709,0.29317235946655273,0.2881447374820709
d90df79783db42d384d960f6a10fa13c,factorized_fixed,-0.0651184469461441,1.0,0.0651184469461441,-0.0651184469461441,0.20907294750213623,0.27419140934944153,0.20907294750213623,0.27419140934944153
5f5462dceee14b24827eca8f37e462a7,factorized_fixed,0.014748591929674149,1.0,-0.0033697299659252167,0.014748591929674149,0.22350339591503143,0.20875480771064758,0.23253275454044342,0.2291630357503891
4802f2f546d142ad804007e42301f6d8,factorized_fixed,-0.039949312806129456,1.0,0.04947512969374657,-0.039949312806129456,0.21949833631515503,0.2594476640224457,0.221427321434021,0.27090245485305786
8ecae204ea344c87b3b9ef6eb5bdce2f,factorized_fixed,0.018060363829135895,1.0,-0.018060363829135895,0.018060363829135895,0.24986916780471802,0.23180881142616272,0.24986916780471802,0.23180881142616272
ad7a6bf146db48dcb22f20f5b3b048a2,factorized_fixed,-0.03977246582508087,1.0,0.03977246582508087,-0.03977246582508087,0.2668441832065582,0.3066166639328003,0.2668441832065582,0.3066166639328003
d157e62e182b4f88937d7e9e07d7edcb,factorized_fixed,-0.010322771966457367,1.0,0.011205162853002548,-0.010322771966457367,0.23247647285461426,0.24279922246932983,0.23139265179634094,0.2425978183746338
d708d9efdd5a42cfa7c21d129562e193,factorized_fixed,-0.005376249551773071,1.0,0.005376249551773071,-0.005376249551773071,0.27418404817581177,0.27956029772758484,0.27418404817581177,0.27956029772758484
41fec24e7b3048328d8701329d79b9af,factorized_fixed,-0.026796773076057434,1.0,0.015105661004781723,-0.026796773076057434,0.28066468238830566,0.3074614703655243,0.2502939701080322,0.26539963483810425
44adfbf962a14251a9c273b645ad22a6,factorized_fixed,0.05162868648767471,1.0,-0.05162868648767471,0.05162868648767471,0.34207651019096375,0.29044783115386963,0.34207651019096375,0.29044783115386963
02570378084d4898a91e7d3101a3bee7,factorized_fixed,-0.020473942160606384,1.0,0.020473942160606384,-0.020473942160606384,0.2644732594490051,0.2849472165107727,0.2644732594490051,0.2849472165107727
2be44cd7410f48fe8f0332a89ebfec44,factorized_fixed,0.003735743463039398,1.0,-0.0052865371108055115,0.003735743463039398,0.2504023015499115,0.2466665506362915,0.2505655288696289,0.2452789843082428
a2263a28be0d44b083785f5655b51b32,factorized_fixed,-0.017620161175727844,1.0,0.005299709737300873,-0.017620161175727844,0.28799477219581604,0.3056149482727051,0.3002169132232666,0.30551663041114807
17cc8d123b5f4d3ba5b0a22c02af0818,factorized_fixed,-0.07692398130893707,1.0,0.07692398130893707,-0.07692398130893707,0.19436325132846832,0.2712872326374054,0.19436325132846832,0.2712872326374054
1455ae2af1624913a62eaf48bc290476,factorized_fixed,-0.0958600789308548,1.0,0.0958600789308548,-0.0958600789308548,0.20007380843162537,0.29593387246131897,0.20007380843162537,0.29593387246131897
8437a47f82924b82ba56864c784e13d5,factorized_fixed,-0.034071359783411026,1.0,0.039364974945783615,-0.034071359783411026,0.21063381433486938,0.2447051703929901,0.19304123520851135,0.23240619897842407
908339648efa44f290a57e4265761b52,factorized_fixed,0.05584890767931938,1.0,-0.05584890767931938,0.05584890767931938,0.26191312074661255,0.20606422424316406,0.26191312074661255,0.20606422424316406
b2ee985de84a4ab29a3cc17a342bb6b3,factorized_fixed,0.012167971581220627,1.0,-0.012270573526620865,0.012167971581220627,0.2033960521221161,0.19122807681560516,0.19762927293777466,0.1853587031364441
86e36a1feb6246768af30222746373d6,factorized_fixed,-0.06813538074493408,1.0,0.06813538074493408,-0.06813538074493408,0.2316526174545288,0.2997879981994629,0.2316526174545288,0.2997879981994629
435857d15345411caa18f2b347ba8f0d,factorized_fixed,0.04143345728516579,1.0,-0.042283471673727036,0.04143345728516579,0.2832823395729065,0.2418489009141922,0.2635767161846161,0.22129324078559875
82fe3b8d0f9d490dbaed4ef63d606af7,factorized_fixed,-0.10788864642381668,1.0,0.10788864642381668,-0.10788864642381668,0.19890770316123962,0.3067963421344757,0.19890770316123962,0.3067963421344757
f35c2764acce4f8c994d24d996df4a7c,factorized_fixed,-0.021167445927858353,1.0,0.021167445927858353,-0.021167445927858353,0.1982768326997757,0.21944427490234375,0.1982768326997757,0.21944427490234375
6e30c34745ca46d2891e48eef78e0d9e,factorized_fixed,0.014759451150894165,1.0,-0.021570920944213867,0.014759451150894165,0.29483145475387573,0.2800719738006592,0.29998695850372314,0.2784160375595093
60848f22ab2145278297e5ef4badb772,factorized_fixed,-0.026562795042991638,1.0,0.026562795042991638,-0.026562795042991638,0.22156795859336853,0.24813076853752136,0.22156795859336853,0.24813076853752136
480b81bd14f143aa83c54aeb5ae91112,factorized_fixed,-0.032332517206668854,1.0,0.032332517206668854,-0.032332517206668854,0.2833356261253357,0.31566816568374634,0.2833356261253357,0.31566816568374634
cfd16a2d90cc4525a3132128e24aaffe,factorized_fixed,-0.0685349702835083,1.0,0.0685349702835083,-0.0685349702835083,0.22598353028297424,0.29451853036880493,0.22598353028297424,0.29451853036880493
1317941430be4c96adb288e03b027ba0,factorized_fixed,-0.034733839333057404,1.0,0.013302609324455261,-0.034733839333057404,0.2731563448905945,0.3078901767730713,0.2671409845352173,0.28044360876083374
bba6e0763f6a456ea8009b9087c97da8,factorized_fixed,0.0005673468112945557,1.0,-0.0005673468112945557,0.0005673468112945557,0.22523880004882812,0.22467145323753357,0.22523880004882812,0.22467145323753357
3347b77ba308477ba576a65a9528a36b,factorized_fixed,-0.007167398929595947,1.0,-0.014350764453411102,-0.007167398929595947,0.2106892168521881,0.21785661578178406,0.243116557598114,0.22876578569412231
bb9bcc7949bd419fb914cb7390cb74b6,factorized_fixed,0.0006773248314857483,1.0,-0.0006773248314857483,0.0006773248314857483,0.29803162813186646,0.2973542809486389,0.29803162813186646,0.2973542809486389
1aa6f55db8ad43c48e6683efcb596847,factorized_fixed,-0.009323514997959137,1.0,0.020966939628124237,-0.009323514997959137,0.2912263870239258,0.3005498945713043,0.26802098751068115,0.288987934589386
ed6821c7ea164e67bb7b0de08b2b49f8,factorized_fixed,0.04021413251757622,1.0,-0.04021413251757622,0.04021413251757622,0.25585034489631653,0.2156362235546112,0.25585034489631653,0.2156362235546112
deb35461aeee4676a643854c1206be5b,factorized_fixed,-0.009420398622751236,1.0,-0.0009111873805522919,-0.009420398622751236,0.2416422814130783,0.25106269121170044,0.2399892807006836,0.2390781044960022
c401e8ebc4b9411984e46f0775d46f4f,factorized_fixed,-0.06004363298416138,1.0,0.06288830935955048,-0.06004363298416138,0.21287482976913452,0.2729184627532959,0.2096005380153656,0.2724888324737549
2f45c39bf22140219a54e134bda2f033,factorized_fixed,0.0017411187291145325,1.0,0.006761208176612854,0.0017411187291145325,0.2495758980512619,0.24783475697040558,0.2438589483499527,0.25062015652656555
f9d1e964ed95471b9621d5f232d69052,factorized_fixed,-0.03261450678110123,1.0,0.04863341525197029,-0.03261450678110123,0.2216567099094391,0.2542712092399597,0.20991651713848114,0.25854992866516113
e1a2d94d62ee4c13959e8b1dd3494045,factorized_fixed,-0.06045655533671379,1.0,0.06045655533671379,-0.06045655533671379,0.20889905095100403,0.2693555951118469,0.20889905095100403,0.2693555951118469
25e4bd46e0a54ddbb9f4fc23b25b72b6,factorized_fixed,-0.07158368080854416,1.0,0.07158368080854416,-0.07158368080854416,0.24874699115753174,0.3203306794166565,0.24874699115753174,0.3203306794166565
8b32e1ded62144768cd9ca8945fa8524,factorized_fixed,-0.07502379268407822,1.0,0.059632595628499985,-0.07502379268407822,0.20998913049697876,0.2850129008293152,0.20504197478294373,0.264674574136734
8524328e17bc42e3b604e3966e8a8d11,factorized_fixed,-0.048726316541433334,1.0,0.048726316541433334,-0.048726316541433334,0.2027440071105957,0.25147032737731934,0.2027440071105957,0.25147032737731934
fb7d891dc30a4e70a14a79ea47603731,factorized_fixed,-0.07257257401943207,1.0,0.07257257401943207,-0.07257257401943207,0.22458873689174652,0.2971613109111786,0.22458873689174652,0.2971613109111786
eaa92d38774a420a850ad60eb5921055,factorized_fixed,-0.05212545767426491,1.0,0.05693968012928963,-0.05212545767426491,0.20510047674179077,0.2572259306907654,0.201352059841156,0.25829175114631653
7ab64c4bf8034c9cb491a88af2795330,factorized_fixed,-0.07731828093528748,1.0,0.07731828093528748,-0.07731828093528748,0.22065313160419464,0.2979714274406433,0.22065313160419464,0.2979714274406433
d44e670f11c343d58cbf6d6835e2e635,factorized_fixed,-0.09600219130516052,1.0,0.09600219130516052,-0.09600219130516052,0.2442389577627182,0.3402411639690399,0.2442389577627182,0.3402411639690399
d4cc293d593547eaac789de676f4913d,factorized_fixed,-0.0006280243396759033,1.0,0.006833013147115707,-0.0006280243396759033,0.24269568920135498,0.24332371354103088,0.23721730709075928,0.24405032396316528
2365c9023fd048508adb0a51617a8478,factorized_fixed,-0.056014902889728546,1.0,0.056014902889728546,-0.056014902889728546,0.31029075384140015,0.3663056492805481,0.31029075384140015,0.3663056492805481
8df8151feedc428ab216993ca120a515,factorized_fixed,-0.0407048799097538,1.0,0.015363629907369614,-0.0407048799097538,0.23848174512386322,0.2791866064071655,0.2357337772846222,0.2510974109172821
15bd2d60a1ca4381bd348c0cc69a06f4,factorized_fixed,-0.021465804427862167,1.0,0.021465804427862167,-0.021465804427862167,0.24394726753234863,0.2654130458831787,0.24394726753234863,0.2654130458831787
8158f80a28a24d4a8b8cfc6026a0dbf1,factorized_fixed,-0.03311148285865784,1.0,0.03311148285865784,-0.03311148285865784,0.29462680220603943,0.32773828506469727,0.29462680220603943,0.32773828506469727
b8bfdcc81736445aad28389ebad19615,factorized_fixed,0.0051782503724098206,1.0,-0.0051782503724098206,0.0051782503724098206,0.2741638422012329,0.2689855992794037,0.2741638422012329,0.2689855992794037
24c959f40a3f4d7a8cc1f58ddb546231,factorized_fixed,0.0888429656624794,1.0,-0.0888429656624794,0.0888429656624794,0.35387349128723145,0.26503050327301025,0.35387349128723145,0.26503050327301025
fb614ea99ae24c729bddcc03374a36a4,factorized_fixed,-0.01994236186146736,1.0,0.028064534068107605,-0.01994236186146736,0.2555706799030304,0.27551302313804626,0.25138193368911743,0.27944645285606384
bb32806cf18041ba9f99910bff527367,factorized_fixed,-0.03263137489557266,1.0,0.015647828578948975,-0.03263137489557266,0.28532493114471436,0.3179562985897064,0.28594619035720825,0.3015940189361572
16468d39013948d68efd8f0121e58c0d,factorized_fixed,0.00795002281665802,1.0,-0.00795002281665802,0.00795002281665802,0.3330075144767761,0.3250574767589569,0.3330075144767761,0.3250574767589569
cb88e562c2264d079744e22b27b0a1bc,factorized_fixed,0.03738081827759743,1.0,-0.03738081827759743,0.03738081827759743,0.25921177864074707,0.22183096408843994,0.25921177864074707,0.22183096408843994
5b7198a26a0640bb842f73ed338e6a20,factorized_fixed,-0.06729736179113388,1.0,0.06507360935211182,-0.06729736179113388,0.22475001215934753,0.292047381401062,0.22219520807266235,0.28726881742477417
2e8f4be08cb246f691da1d3a23c78044,factorized_fixed,-0.049122050404548645,1.0,0.05358492210507393,-0.049122050404548645,0.22538462281227112,0.27450668811798096,0.20700491964817047,0.2605898380279541
9e015e6f2b0143a5aed16c0df9207ed2,factorized_fixed,-0.021023452281951904,1.0,0.017089776694774628,-0.021023452281951904,0.2611255347728729,0.28214898705482483,0.2545609176158905,0.2716507017612457
c63ae9ed9763485eaa3a911c5cd770ae,factorized_fixed,0.017475515604019165,1.0,-0.017475515604019165,0.017475515604019165,0.2620968818664551,0.24462135136127472,0.2620968818664551,0.24462135136127472
4f73adf462c24562b08ab3e8422b4130,factorized_fixed,-0.04345988109707832,1.0,0.03919220343232155,-0.04345988109707832,0.22180496156215668,0.2652648091316223,0.20920827984809875,0.24840047955513
5186b930ba9740459b5eae14be6bd115,factorized_fixed,0.0017961077392101288,1.0,-0.0017961077392101288,0.0017961077392101288,0.17802007496356964,0.1762239634990692,0.17802007496356964,0.1762239634990692
4aa348c41a8d4aa0835be5fb2dec0828,factorized_fixed,-0.015834342688322067,1.0,-0.009624756872653961,-0.015834342688322067,0.24196580052375793,0.2578001618385315,0.2320117950439453,0.22238701581954956
342207e0f2394a929443658e6e111cf3,factorized_fixed,-0.0064044371247291565,1.0,-0.018567070364952087,-0.0064044371247291565,0.2565760016441345,0.2629804313182831,0.25536006689071655,0.23679299652576447
620e777dd31c4dc4b8d831eea6b9abaa,factorized_fixed,0.021426428109407425,1.0,-0.026468288153409958,0.021426428109407425,0.262417733669281,0.24099129438400269,0.2664157748222351,0.23994749784469604
46551a65d7634d268bfa409cae0d060c,factorized_fixed,0.006623014807701111,1.0,-0.009187370538711548,0.006623014807701111,0.3397969603538513,0.3331739604473114,0.33643853664398193,0.327251136302948
bebcd88162f4453494297b38ef31f277,factorized_fixed,-0.061549969017505646,1.0,0.061549969017505646,-0.061549969017505646,0.19081830978393555,0.2523682713508606,0.19081830978393555,0.2523682713508606
bddfb886dd844acb8a06352ba22ef8e4,factorized_fixed,-0.05254251882433891,1.0,0.045110758394002914,-0.05254251882433891,0.24892911314964294,0.30147165060043335,0.24259275197982788,0.2877035140991211
8e440631b2644643ae2fbc3cb444af7f,factorized_fixed,0.021134033799171448,1.0,-0.023572836071252823,0.021134033799171448,0.2773427367210388,0.2562086880207062,0.2736228406429291,0.25005000829696655
71152973ecd04ee29d24568de084afcb,factorized_fixed,0.041896380484104156,1.0,-0.041896380484104156,0.041896380484104156,0.34690314531326294,0.305006742477417,0.34690314531326294,0.305006742477417
6ddbff15733e4c2cae184ad2800dee67,factorized_fixed,0.008779134601354599,1.0,-0.008779134601354599,0.008779134601354599,0.2465331256389618,0.2377539873123169,0.2465331256389618,0.2377539873123169
aa56159de7c246b4a6d92f6550e37ff3,factorized_fixed,-0.015163391828536987,1.0,0.03075190633535385,-0.015163391828536987,0.23775610327720642,0.2529195249080658,0.22551877796649933,0.2562706768512726
657438c41320465cbd0b211cfd2d60d2,factorized_fixed,-0.05899117887020111,1.0,0.05143565684556961,-0.05899117887020111,0.2620752453804016,0.3210664391517639,0.26107096672058105,0.31250661611557007
9c6a0b5a775c4cd3b04d28d9d8666f04,factorized_fixed,-0.027778293937444687,1.0,0.027778293937444687,-0.027778293937444687,0.2230481654405594,0.25082647800445557,0.2230481654405594,0.25082647800445557
a3f1920e8b4f4fe7ab68844b94abd6e5,factorized_fixed,-0.06684374064207077,1.0,0.06684374064207077,-0.06684374064207077,0.22570031881332397,0.29254406690597534,0.22570031881332397,0.29254406690597534
15e01b41d44f412a842cf393d4eb73ca,factorized_fixed,-0.031223520636558533,1.0,0.031223520636558533,-0.031223520636558533,0.29652345180511475,0.3277469575405121,0.29652345180511475,0.3277469575405121
dccc9c037b3d4d8e8968ec43303d79a7,factorized_fixed,-0.03716408833861351,1.0,0.05036560818552971,-0.03716408833861351,0.23382093012332916,0.2709850072860718,0.2280358076095581,0.2784014046192169
10932f28601841d5beeed1ae1fbec73c,factorized_fixed,-0.006022907793521881,1.0,0.00867823138833046,-0.006022907793521881,0.23541264235973358,0.24143554270267487,0.22159360349178314,0.2302718311548233
